onur-ozkinaci-onr-123-onurozkinaci@gmail.com-0-13/05/2021/22.19.24-13/05/2021/22.19.24
hasan-pasali-hp-1234-hasanpasali@gmail.com-0-13/05/2021/22.21.47-13/05/2021/22.21.47
zafer-demir-mzd-12345-melihzaferdemir@gmail.com-0-13/05/2021/22.22.24-13/05/2021/22.22.24
elif-dere-elif_dere-elif_123-elifdere@gmail.com-0-13/05/2021/22.23.33-13/05/2021/22.23.33
tuna-boyali-tuna_b-1234-tunaboyali@gmail.com-0-13/05/2021/22.24.3-13/05/2021/22.24.3
harun-denizci-harun-123-harundenizci@gmail.com-0-13/05/2021/22.24.33-13/05/2021/22.24.33
deren-durak-cerend-123-cerendurak@gmail.com-0-13/05/2021/22.25.0-13/05/2021/22.25.0
ali-teyfik-alibey-ali123-aliteyfik@gmail.com-0-17/05/2021/22.51.31-17/05/2021/22.51.31
ahmet-dere-ahmetdere-ahmet123-ahmetdere@gmail.com-0-17/05/2021/23.32.10-17/05/2021/23.32.10
eftalya-koru-eftalya1-eftalya_koru_123-eftalyakoru@gmail.com-0-17/05/2021/23.33.57-17/05/2021/23.33.57
aysin-gokdere-aysing-aysin1234-aysingokdere@hotmail.com-0-17/05/2021/23.34.32-17/05/2021/23.34.32
fatma-yusuflu-fatma-fatma12345-fatmayusuflu@hotmail.com-0-17/05/2021/23.35.1-17/05/2021/23.35.1
ahmet-tutucu-ahmet_tutucu-ahmet_tutucu_1234-ahmettutucu@gmail.com-0-17/05/2021/23.41.44-17/05/2021/23.41.44
furkan-gozukara-furkan_g-furkan_gozukara_123-furkan_gozukara@gmail.com-0-17/05/2021/23.43.1-17/05/2021/23.43.1
ali-demirci-ali_demirci-123-alidemirci@hotmail.com-0-18/05/2021/01.39.32-18/05/2021/01.39.32
yamac-kocovali-yamac_kocovali-123-yamackocovali@gmail.com-0-18/05/2021/13.48.36-18/05/2021/13.48.36
halil-dervisoglu-halild-1234-halild@gmail.com-0-18/05/2021/13.49.8-18/05/2021/13.49.8
aytac-degirmenci-aytac_d-aytac123_degirmenci-aytacdegirmenci@gmail.com-0-18/05/2021/16.30.39-18/05/2021/16.30.39
fatih-asya-fatih_a-fatih_asya_123-fatihasya@hotmail.com-0-18/05/2021/16.31.34-18/05/2021/16.31.34
dervis-gozenek-dervis_gozenek-123-dervisgozenek@gmail.com-0-18/05/2021/16.35.5-18/05/2021/16.35.5
aras-igde-aras_igde-1234-arasigde@gmail.com-0-18/05/2021/16.35.50-18/05/2021/16.35.50
yasin-orakci-yasin_orakci-yasin123-yasinorakci@hotmail.com-0-18/05/2021/16.36.44-18/05/2021/16.36.44
aliye-koc-aliye_123-123-aliyekoc@gmail.com-0-18/05/2021/17.08.36-18/05/2021/17.08.36
mertcan-alp-mertcanalp-m_alp123-mertcanalp@gmail.com-0-18/05/2021/17.09.49-18/05/2021/17.09.49
halil-durmaz-halildurmaz-halil_d1234-halildurmaz@hotmail.com-0-18/05/2021/17.10.17-18/05/2021/17.10.17
ayse-kalp-ayse12-ayse_kalp_99-aysekalp@gmail.com-0-18/05/2021/17.12.27-18/05/2021/17.12.27
okan-delikol-okand-123-okand@gmail.com-0-18/05/2021/17.16.10-18/05/2021/17.16.10
orkun-polat-orkunp-1234-orkunp@gmail.com-0-18/05/2021/17.16.29-18/05/2021/17.16.29
hatice-deliyurek-hatice_deliyurek-123-haticed@gmail.com-0-18/05/2021/17.16.50-18/05/2021/17.16.50
